{"cameraMode":{"drawMode":0,"name":"Shaded","section":"Shading Mode"},"sceneLighting":true,"audioPlay":false,"sceneViewState":{"m_AlwaysRefresh":false,"showFog":true,"showSkybox":true,"showFlares":true,"showImageEffects":true,"showParticleSystems":true,"showVisualEffectGraphs":true,"m_FxEnabled":true},"in2DMode":false,"pivot":{"x":1.1489301919937134,"y":0.9896459579467773,"z":-3.204336404800415},"rotation":{"x":0.1483367681503296,"y":-0.8358867168426514,"z":0.27459293603897097,"w":0.45155543088912966},"size":0.32203978300094607,"orthographic":false}