{"cameraMode":{"drawMode":0,"name":"Shaded","section":"Shading Mode"},"sceneLighting":true,"audioPlay":false,"sceneViewState":{"m_AlwaysRefresh":false,"showFog":true,"showSkybox":true,"showFlares":true,"showImageEffects":true,"showParticleSystems":true,"showVisualEffectGraphs":true,"m_FxEnabled":true},"in2DMode":false,"pivot":{"x":-0.07832285016775131,"y":0.625447154045105,"z":-7.037162780761719},"rotation":{"x":0.0012871843064203859,"y":-0.9903272390365601,"z":0.13844597339630128,"w":0.009206716902554036},"size":7.858480930328369,"orthographic":false}